141	E1	Pool #11 Flask 1.1, VEH
142	E2	Pool #11 Flask 1.2, VEH
143	E3	Pool #11 Flask 2.1, VEH
144	E4	Pool #11 Flask 2.2, VEH
145	E5	Pool #11 Flask 3.1, VEH
146	E6	Pool #11 Flask 3.2, VEH
147	E7	Pool #12 Flask 1.1, VEH
148	E8	Pool #12 Flask 1.2, VEH
149	E9	Pool #12 Flask 2.1, VEH
150	E10	Pool #12 Flask 2.2, VEH
151	E11	Pool #12 Flask 3.1, VEH
152	E12	Pool #12 Flask 3.2, VEH
153	F1	Pool #11 Flask 1.1 VEM
154	F2	Pool #11 Flask 1.2 VEM
155	F3	Pool #11 Flask 2.1 VEM
156	F4	Pool #11 Flask 2.2 VEM
157	F5	Pool #11 Flask 3.1 VEM
158	F6	Pool #11 Flask 3.2 VEM
159	F7	Pool #12 Flask 1.1 VEM
160	F8	Pool #12 Flask 1.2 VEM
161	F9	Pool #12 Flask 2.1 VEM
162	F10	Pool #12 Flask 2.2 VEM
163	F11	Pool #12 Flask 3.1 VEM
164	F12	Pool #12 Flask 3.2 VEM
118	C1	Pool #9 Flask 1.1, VEH
119	C2	Pool #9 Flask 1.2, VEH
120	C3	Pool #9 Flask 2.1, VEH
121	C4	Pool #9 Flask 2.2, VEH
122	C5	Pool #9 Flask 3.1, VEH
123	C6	Pool #9 Flask 3.2, VEH
124	C7	Pool #10 Flask 1.1, VEH
125	C8	Pool #10 Flask 1.2, VEH
126	C9	Pool #10 Flask 2.1, VEH
127	C10	Pool #10 Flask 2.2, VEH
128	C11	Pool #10 Flask 3.1, VEH
129	C12	Pool #10 Flask 3.2, VEH
130	D1	Pool #9 Flask 1.1 VEM
131	D3	Pool #9 Flask 2.1 VEM
132	D4	Pool #9 Flask 2.2 VEM
133	D5	Pool #9 Flask 3.1 VEM
134	D6	Pool #9 Flask 3.2 VEM
135	D7	Pool #10 Flask 1.1 VEM
136	D8	Pool #10 Flask 1.2 VEM
137	D9	Pool #10 Flask 2.1 VEM
138	D10	Pool #10 Flask 2.2 VEM
139	D11	Pool #10 Flask 3.1 VEM
140	D12	Pool #10 Flask 3.2 VEM
94	A1	Pool #7 Flask 1.1, VEH
95	A2	Pool #7 Flask 1.2, VEH
96	A3	Pool #7 Flask 2.1, VEH
97	A4	Pool #7 Flask 2.2, VEH
98	A5	Pool #7 Flask 3.1, VEH
99	A6	Pool #7 Flask 3.2, VEH
100	A7	Pool #8 Flask 1.1, VEH
101	A8	Pool #8 Flask 1.2, VEH
102	A9	Pool #8 Flask 2.1, VEH
103	A10	Pool #8 Flask 2.2, VEH
104	A11	Pool #8 Flask 3.1, VEH
105	A12	Pool #8 Flask 3.2, VEH
106	B1	Pool #7 Flask 1.1 VEM
107	B2	Pool #7 Flask 1.2 VEM
108	B3	Pool #7 Flask 2.1 VEM
109	B4	Pool #7 Flask 2.2 VEM
110	B5	Pool #7 Flask 3.1 VEM
111	B6	Pool #7 Flask 3.2 VEM
112	B7	Pool #8 Flask 1.1 VEM
113	B8	Pool #8 Flask 1.2 VEM
114	B9	Pool #8 Flask 2.1 VEM
115	B10	Pool #8 Flask 2.2 VEM
116	B11	Pool #8 Flask 3.1 VEM
117	B12	Pool #8 Flask 3.2 VEM
47	E1	Pool #3 Flask 1.1 VEH, NEW
48	E2	Pool #3 Flask 1.2 VEH, NEW
49	E3	Pool #3 Flask 2.1 VEH, NEW
50	E4	Pool #3 Flask 2.2 VEH, NEW
51	E5	Pool #3 Flask 3.1 VEH, NEW
52	E6	Pool #3 Flask 3.2 VEH, NEW
53	E7	Pool #4 Flask 1.1 VEH
54	E8	Pool #4 Flask 1.2 VEH
55	E9	Pool #4 Flask 2.1 VEH
56	E10	Pool #4 Flask 2.2 VEH
57	E11	Pool #4 Flask 3.1 VEH
58	E12	Pool #4 Flask 3.2 VEH
59	F1	Pool #3 Flask 1.1 VEM
60	F2	Pool #3 Flask 1.2 VEM
61	F3	Pool #3 Flask 2.1 VEM
62	F4	Pool #3 Flask 2.2 VEM
63	F5	Pool #4 Flask 3.1 VEM
64	F6	Pool #3 Flask 3.2 VEM
65	F7	Pool #4 Flask 1.1 VEM
66	F8	Pool #4 Flask 1.2 VEM
67	F9	Pool #4 Flask 2.1 VEM
68	F10	Pool #4 Flask 2.2 VEM
69	F11	Pool #4 Flask 3.1 VEM
23	C1	Pool #1 Flask 1.1, VEH
24	C2	Pool #1 Flask 1.2, VEH
25	C3	Pool #1 Flask 2.1, VEH
26	C4	Pool #1 Flask 2.2, VEH
27	C5	Pool #1 Flask 3.1, VEH
28	C6	Pool #1 Flask 3.2, VEH
29	C7	Pool #2 Flask 1.1, VEH
30	C8	Pool #2 Flask 1.2, VEH
31	C9	Pool #2 Flask 2.1, VEH
32	C10	Pool #2 Flask 2.2, VEH
33	C11	Pool #2 Flask 3.1, VEH
34	C12	Pool #2 Flask 3.2, VEH
35	D1	Pool #1 Flask 1.1 VEM
36	D2	Pool #1 Flask 1.2 VEM
37	D3	Pool #1 Flask 2.1 VEM
38	D4	Pool #1 Flask 2.2 VEM
39	D5	Pool #1 Flask 3.1 VEM
40	D6	Pool #1 Flask 3.2 VEM
41	D7	Pool #2 Flask 1.1 VEM
42	D8	Pool #2 Flask 1.2 VEM
43	D9	Pool #2 Flask 2.1 VEM
44	D10	Pool #2 Flask 2.2 VEM
45	D11	Pool #2 Flask 3.1 VEM
46	D12	Pool #2 Flask 3.2 VEM
1	A1	Pilot VEH #1 (Pool 8)
2	A2	Pilot VEH #4 (Pool 8)
3	A3	Pilot Vem #1 (Pool 8)
4	A4	Pilot Vem #4 (Pool 8)
5	A5	Pool 8 VEH #1.1-Pilot
6	A6	Pool 8 VEH #1.2-Pilot
7	A7	Pool 8 VEH #2.1-Pilot
8	A8	Pool 8 VEH #2.2-Pilot
9	A9	Pool 8 VEH #3.1-Pilot
10	A10	Pool 8 VEH #3.2-Pilot
11	A11	Pool 8 VEH #4.1-Pilot
12	A12	Pool 8 VEH #4.2- Pilot
13	B1	Pool 8 VEH #5.1-Pilot
14	B2	Pool 8 VEH #5.2-Pilot
15	B3	Pool 8 VEH #6.1-Pilot
16	B4	Pool 8 VEH #6.2-Pilot
17	B5	Pool 8 Vem #A.1-Pilot
18	B6	Pool 8 Vem #A.2-Pilot
19	B7	Pool 8 Vem #B.1-Pilot
20	B8	Pool 8 Vem #B.2-Pilot
21	B9	Pool 8 Vem #C.1-Pilot
22	B10	Pool 8 Vem #C.2-Pilot
70	G1	Pool #5 Flask 1.1 VEH
71	G2	Pool #5 Flask 1.2 VEH
72	G3	Pool #5 Flask 2.1 VEH
73	G4	Pool #5 Flask 2.2 VEH
74	G5	Pool #5 Flask 3.1 VEH
75	G6	Pool #5 Flask 3.2 VEH
76	G7	Pool #6 Flask 1.1 VEH, NEW
77	G8	Pool #6 Flask 1.2 VEH, NEW
78	G9	Pool #6 Flask 2.1 VEH, NEW
79	G10	Pool #6 Flask 2.2 VEH, NEW
80	G11	Pool #6 Flask 3.1 VEH, NEW
81	G12	Pool #6 Flask 3.2 VEH, NEW
82	H1	Pool #5 Flask 1.1 VEM
83	H2	Pool #5 Flask 1.2 VEM
84	H3	Pool #5 Flask 2.1 VEM
85	H4	Pool #5 Flask 2.2 VEM
86	H5	Pool #5 Flask 3.1 VEM
87	H6	Pool #5 Flask 3.2 VEM
88	H7	Pool #6 Flask 1.1 VEM
89	H8	Pool #6 Flask 1.2 VEM
90	H9	Pool #6 Flask 2.1 VEM
91	H10	Pool #6 Flask 2.2 VEM
92	H11	Pool #6 Flask 3.1 VEM
93	H12	Pool #6 Flask 3.2 VEM
